{
    "elections": [
      {
        "electionName": "Local Mayor Iasi 2024",
        "electionCountry" : "Romania",
        "electionCounty" : "Iasi",
        "electionCountyCode" : "22",
        "start_date": "06-09-2024",
        "end_date" :"06-09-2024",
        "candidates": [
          {
            "name": "Catalin Abalasei",
            "about" : "CANDIDAT PRO ROMANIA"
          },
          {
            "name": "Cosette Chichirau",
            "about" : "CANDIDAT PARTIDUL CURAJ PENTRU ROMANIA"
          },
          {
            "name": "Bogdan Balaniscu",
            "about" : "CANDIDAT PARTIDUL PSD"
          },
          {
            "name": "Viorel Blajut",
            "about" : "CANDIDAT PARTIDUL PSI"
          },
          {
            "name": "Mihai Chirica",
            "about" : "CANDIDAT PARTIDUL PNL"
          },
          {
            "name": "Tudor Chiuhodaru",
            "about" : "CANDIDAT PARTIDUL AUR"
          },
          {
            "name": "Marius Bodea",
            "about" : "CANDIDAT PARTIDUL ADU"
          },
          {
            "name": "Ioan Sebastian Buduroi",
            "about" : "CANDIDAT PARTIDUL LEU"
          },          
          {
            "name": "Mihai Pintilie",
            "about" : "CANDIDAT PARTIDUL PUSL"
          }
        ]
      },
      {
        "electionName": "Local Council Iasi 2024",
        "electionCountry" : "Romania",
        "electionCounty" : "Iasi",
        "electionCountyCode" : "22",
        "start_date": "06-09-2024",
        "end_date" :"06-09-2024",
        "candidates": [
          {
            "name": "ALIANTA ELECTORALA PSD PNL",
            "about" : "CANDIDAT PARTID POLITIC"
          },
          {
            "name": "PARTIDUL S.O.S. ROMANIA",
            "about" : "CANDIDAT PARTID POLITIC"
          },
          {
            "name": "ALIANTA DREAPTA UNITA USR-PMP-FORȚA DREPTEI",
            "about" : "CANDIDAT PARTID POLITIC"
          },
          {
            "name": "ROMANIA SOCIALISTA",
            "about" : "CANDIDAT PARTID POLITIC"
          },
          {
            "name": "PARTIDUL ALTERNATIVA DREAPTA",
            "about" : "CANDIDAT PARTID POLITIC"
          },
          {
            "name": "PARTIDUL DIASPORA UNITA",
            "about" : "CANDIDAT PARTID POLITIC"
          },
          {
            "name": "PARTIDUL UMANIST SOCIAL LIBERAL",
            "about" : "CANDIDAT PARTID POLITIC"
          },
          {
            "name": "PARTIDUL REINNOIM PROIECTUL EUROPEAN AL ROMANIEI",
            "about" : "CANDIDAT PARTID POLITIC"
          },
          {
            "name": "PARTIDUL OAMENILOR LIBERI",
            "about" : "CANDIDAT PARTID POLITIC"
          },
          {
            "name": "UNIUNEA DEMOCRATA MAGHIARA DIN ROMÂNIA", 
            "about" : "CANDIDAT PARTID POLITIC"
          },
          {
            "name": "PARTIDUL ROMANIA MARE",
            "about" : "CANDIDAT PARTID POLITIC"
          },
          {
            "name": "PARTIDUL NOUA ROMANIE",
            "about" : "CANDIDAT PARTID POLITIC"
          },
          {
            "name": "PARTIDUL NAȚIONAL TARANESC MANIU-MIHALACHE",
            "about" : "CANDIDAT PARTID POLITIC"
          }
        ]
      },
      {
        "electionName": "Local President of County Council Iasi 2024",
        "electionCountry" : "Romania",
        "electionCounty" : "Iasi",
        "electionCountyCode" : "22",
        "start_date": "06-09-2024",
        "end_date" :"06-09-2024",
        "candidates": [
          {
            "name": "Catalin Abalasei",
            "about" : "CANDIDAT PRO ROMANIA"
          },
          {
            "name": "Cosette Chichirau",
            "about" : "CANDIDAT PARTIDUL CURAJ PENTRU ROMANIA"
          },
          {
            "name": "Bogdan Balaniscu",
            "about" : "CANDIDAT PARTIDUL PSD"
          },
          {
            "name": "Viorel Blajut",
            "about" : "CANDIDAT PARTIDUL PSI"
          },
          {
            "name": "Mihai Chirica",
            "about" : "CANDIDAT PARTIDUL PNL"
          },
          {
            "name": "Tudor Chiuhodaru",
            "about" : "CANDIDAT PARTIDUL AUR"
          },
          {
            "name": "Marius Bodea",
            "about" : "CANDIDAT PARTIDUL ADU"
          },
          {
            "name": "Ioan Sebastian Buduroi",
            "about" : "CANDIDAT PARTIDUL LEU"
          },          
          {
            "name": "Mihai Pintilie",
            "about" : "CANDIDAT PARTIDUL PUSL"
          }
        ]
      },
      {
        "electionName": "County Council List Iasi 2024",
        "electionCountry" : "Romania",
        "electionCounty" : "Iasi",
        "electionCountyCode" : "22",
        "start_date": "06-09-2024",
        "end_date" :"06-09-2024",
        "candidates": [
          {
            "name": "ALIANTA ELECTORALA PSD PNL",
            "about" : "CANDIDAT PARTID POLITIC"
          },
          {
            "name": "PARTIDUL S.O.S. ROMANIA",
            "about" : "CANDIDAT PARTID POLITIC"
          },
          {
            "name": "ALIANTA DREAPTA UNITA USR-PMP-FORȚA DREPTEI",
            "about" : "CANDIDAT PARTID POLITIC"
          },
          {
            "name": "ROMANIA SOCIALISTA",
            "about" : "CANDIDAT PARTID POLITIC"
          },
          {
            "name": "PARTIDUL ALTERNATIVA DREAPTA",
            "about" : "CANDIDAT PARTID POLITIC"
          },
          {
            "name": "PARTIDUL DIASPORA UNITA",
            "about" : "CANDIDAT PARTID POLITIC"
          },
          {
            "name": "PARTIDUL UMANIST SOCIAL LIBERAL",
            "about" : "CANDIDAT PARTID POLITIC"
          },
          {
            "name": "PARTIDUL REINNOIM PROIECTUL EUROPEAN AL ROMANIEI",
            "about" : "CANDIDAT PARTID POLITIC"
          },
          {
            "name": "PARTIDUL OAMENILOR LIBERI",
            "about" : "CANDIDAT PARTID POLITIC"
          },
          {
            "name": "UNIUNEA DEMOCRATA MAGHIARA DIN ROMÂNIA",
            "about" : "CANDIDAT PARTID POLITIC"
          },
          {
            "name": "PARTIDUL ROMANIA MARE",
            "about" : "CANDIDAT PARTID POLITIC"
          },
          {
            "name": "PARTIDUL NOUA ROMANIE",
            "about" : "CANDIDAT PARTID POLITIC"
          },
          {
            "name": "PARTIDUL NAȚIONAL TARANESC MANIU-MIHALACHE",
            "about" : "CANDIDAT PARTID POLITIC"
          }
        ]
      },
      {
        "electionName": "Local Sector Mayor Bucharest Sector 1 2024",
        "electionCountry" : "Romania",
        "electionCounty" : "Bucharest Sector 1",
        "electionCountyCode" : "41",
        "start_date": "06-09-2024",
        "end_date" :"06-09-2024",
        "candidates": [
          {
            "name": "Clotilde Armand",
            "about" : "CANDIDAT ALIANTA DREAPTA UNITA"
          },
          {
            "name": "Daniel Tudorache",
            "about" : "CANDIDAT INDEPENDENT"
          },
          {
            "name": "Iulian Hatmanu",
            "about" : "CANDIDAT PARTIDUL REPER"
          },
          {
            "name": "Florin Ghidănac",
            "about" : "CANDIDAT PARTIDUL BLOCUL SUVERANIST ROMAN"
          },
          {
            "name": "Ramona Ioana Bruynseels",
            "about" : "CANDIDAT PARTIDUL AUR"
          },
          {
            "name": " Liviu Negoiţă",
            "about" : "CANDIDAT PARTIDUL PUSL"
          },
          {
            "name": "George Cristian Tuţă",
            "about" : "CANDIDAT PARTIDUL ALIANTA ELECTORALA PSD PNL"
          },
          {
            "name": "Dan Nicolae Podaru",
            "about" : "CANDIDAT PARTIDUL ECOLOGIST ROMAN"
          },          
          {
            "name": "Mircea Florin Andrei",
            "about" : "CANDIDAT PARTIDUL ALTERNATIVA DREAPTA"
          }
        ]
      },
      {
        "electionName": "Local Sector Council Bucharest Sector 1 2024",
        "electionCountry" : "Romania",
        "electionCounty" : "Bucharest Sector 1",
        "electionCountyCode" : "41",
        "start_date": "06-09-2024",
        "end_date" :"06-09-2024",
        "candidates": [
          {
            "name": "ALIANTA ELECTORALA PSD PNL",
            "about" : "CANDIDAT PARTID POLITIC"
          },
          {
            "name": "PARTIDUL S.O.S. ROMANIA",
            "about" : "CANDIDAT PARTID POLITIC"
          },
          {
            "name": "ALIANTA DREAPTA UNITA USR-PMP-FORȚA DREPTEI",
            "about" : "CANDIDAT PARTID POLITIC"
          },
          {
            "name": "ROMANIA SOCIALISTA",
            "about" : "CANDIDAT PARTID POLITIC"
          },
          {
            "name": "PARTIDUL ALTERNATIVA DREAPTA",
            "about" : "CANDIDAT PARTID POLITIC"
          },
          {
            "name": "PARTIDUL DIASPORA UNITA",
            "about" : "CANDIDAT PARTID POLITIC"
          },
          {
            "name": "PARTIDUL UMANIST SOCIAL LIBERAL",
            "about" : "CANDIDAT PARTID POLITIC"
          },
          {
            "name": "PARTIDUL REINNOIM PROIECTUL EUROPEAN AL ROMANIEI",
            "about" : "CANDIDAT PARTID POLITIC"
          },
          {
            "name": "PARTIDUL OAMENILOR LIBERI",
            "about" : "CANDIDAT PARTID POLITIC"
          },
          {
            "name": "UNIUNEA DEMOCRATA MAGHIARA DIN ROMÂNIA",
            "about" : "CANDIDAT PARTID POLITIC"
          },
          {
            "name": "PARTIDUL ROMANIA MARE",
            "about" : "CANDIDAT PARTID POLITIC"
          },
          {
            "name": "PARTIDUL NOUA ROMANIE",
            "about" : "CANDIDAT PARTID POLITIC"
          },
          {
            "name": "PARTIDUL NAȚIONAL TARANESC MANIU-MIHALACHE",
            "about" : "CANDIDAT PARTID POLITIC"
          }
        ]
      },
      {
        "electionName": "Local Sector Mayor Bucharest Sector 2 2024",
        "electionCountry" : "Romania",
        "electionCounty" : "Bucharest Sector 2",
        "electionCountyCode" : "42",
        "start_date": "06-09-2024",
        "end_date" :"06-09-2024",
        "candidates": [
          {
            "name": "Rareş Hopincă",
            "about" : "CANDIDAT PARTIDUL ALIANTA ELECTORALA PSD PNL"
          },
          {
            "name": "Radu Nicolae-Mihaiu",
            "about" : "CANDIDAT PARTIDUL ALTERNATIVA DREAPTA UNITA USR PMP" 
          },
          {
            "name": "Iolanda Luminiţa Bughiu",
            "about" : "CANDIDAT PARTIDUL S.O.S ROMANIA"
          },
          {
            "name": "Andrei Gabriel Golgoţiu",
            "about" : "CANDIDAT PARTIDUL REPER"
          },
          {
            "name": "Andrei Tinu",
            "about" : "CANDIDAT PARTIDUL AUR"
          },
          {
            "name": " Liviu Negoiţă",
            "about" : "CANDIDAT PARTIDUL PUSL"
          },
          {
            "name": "Dan Nicolae Podaru",
            "about" : "CANDIDAT PARTIDUL ECOLOGIST ROMAN"
          },          
          {
            "name": "Mircea Florin Andrei",
            "about" : "CANDIDAT PARTIDUL ALTERNATIVA DREAPTA"
          }
        ]
      },
      {
        "electionName": "Local Sector Council Bucharest Sector 2 2024",
        "electionCountry" : "Romania",
        "electionCounty" : "Bucharest Sector 1",
        "electionCountyCode" : "41",
        "start_date": "06-09-2024",
        "end_date" :"06-09-2024",
        "candidates": [
          {
            "name": "ALIANTA ELECTORALA PSD PNL",
            "about" : "CANDIDAT PARTID POLITIC"
          },
          {
            "name": "PARTIDUL S.O.S. ROMANIA",
            "about" : "CANDIDAT PARTID POLITIC"
          },
          {
            "name": "ALIANTA DREAPTA UNITA USR-PMP-FORȚA DREPTEI",
            "about" : "CANDIDAT PARTID POLITIC"
          },
          {
            "name": "ROMANIA SOCIALISTA",
            "about" : "CANDIDAT PARTID POLITIC"
          },
          {
            "name": "PARTIDUL ALTERNATIVA DREAPTA",
            "about" : "CANDIDAT PARTID POLITIC"
          },
          {
            "name": "PARTIDUL DIASPORA UNITA",
            "about" : "CANDIDAT PARTID POLITIC"
          },
          {
            "name": "PARTIDUL UMANIST SOCIAL LIBERAL",
            "about" : "CANDIDAT PARTID POLITIC"
          },
          {
            "name": "PARTIDUL REINNOIM PROIECTUL EUROPEAN AL ROMANIEI",
            "about" : "CANDIDAT PARTID POLITIC"
          },
          {
            "name": "PARTIDUL OAMENILOR LIBERI",
            "about" : "CANDIDAT PARTID POLITIC"
          },
          {
            "name": "UNIUNEA DEMOCRATA MAGHIARA DIN ROMÂNIA",
            "about" : "CANDIDAT PARTID POLITIC"
          },
          {
            "name": "PARTIDUL ROMANIA MARE",
            "about" : "CANDIDAT PARTID POLITIC"
          },
          {
            "name": "PARTIDUL NOUA ROMANIE",
            "about" : "CANDIDAT PARTID POLITIC"
          },
          {
            "name": "PARTIDUL NAȚIONAL TARANESC MANIU-MIHALACHE",
            "about" : "CANDIDAT PARTID POLITIC"
          }
        ]
      },
      {
        "electionName": "General Mayor of Bucharest Municipality 2024",
        "electionCountry" : "Romania",
        "electionCounty" : "Bucharest",
        "electionCountyCode" : "4X",
        "start_date": "06-09-2024",
        "end_date" :"06-09-2024",
        "candidates": [
          {
            "name": "Gabriela Firea",
            "about" : "CANDIDAT PSD"
          },
          {
            "name": "Sebastian Burduja",
            "about" : "CANDIDAT PNL"
          },
          {
            "name": "Nicuşor Dan",
            "about" : "CANDIDAT ALIANTA DREAPTA UNITA"
          },
          {
            "name": "Mihai Adrian Enache",
            "about" : "CANDIDAT AUR"
          },
          {
            "name": "Cristian Popescu Piedone",
            "about" : "CANDIDAT PUSL"
          },
          {
            "name": "Diana Şoşoacă Iovanovici",
            "about" : "CANDIDAT S.O.S ROMANIA"
          },
          {
            "name": "Dorin Iacob",
            "about" : "CANDIDAT PARTIDUL ALTERNATIVA DREAPTA"
          },
          {
            "name": "Alexandru Pânişoară",
            "about" : "CANDIDAT PARTIDUL ECOLOGIST ROMAN"
          },
          {
            "name": "Filip Constantin Titian",
            "about" : "CANDIDAT INDEPENDENT"
          }
        ]
      },
      {
        "electionName": "General Council of Bucharest Municipality 2024",
        "electionCountry" : "Romania",
        "electionCounty" : "Bucharest",
        "electionCountyCode" : "4X",
        "start_date": "06-09-2024",
        "end_date" :"06-09-2024",
        "candidates": [
          {
            "name": "ALIANTA ELECTORALA PSD PNL",
            "about" : "CANDIDAT PARTID POLITIC"
          },
          {
            "name": "PARTIDUL S.O.S. ROMANIA",
            "about" : "CANDIDAT PARTID POLITIC"
          },
          {
            "name": "ALIANTA DREAPTA UNITA USR-PMP-FORȚA DREPTEI",
            "about" : "CANDIDAT PARTID POLITIC"
          },
          {
            "name": "ROMANIA SOCIALISTA",
            "about" : "CANDIDAT PARTID POLITIC"
          },
          {
            "name": "PARTIDUL ALTERNATIVA DREAPTA",
            "about" : "CANDIDAT PARTID POLITIC"
          },
          {
            "name": "PARTIDUL DIASPORA UNITA",
            "about" : "CANDIDAT PARTID POLITIC"
          },
          {
            "name": "PARTIDUL UMANIST SOCIAL LIBERAL",
            "about" : "CANDIDAT PARTID POLITIC"
          },
          {
            "name": "PARTIDUL REINNOIM PROIECTUL EUROPEAN AL ROMANIEI",
            "about" : "CANDIDAT PARTID POLITIC"
          },
          {
            "name": "PARTIDUL OAMENILOR LIBERI",
            "about" : "CANDIDAT PARTID POLITIC"
          },
          {
            "name": "UNIUNEA DEMOCRATA MAGHIARA DIN ROMÂNIA",
            "about" : "CANDIDAT PARTID POLITIC"
          },
          {
            "name": "PARTIDUL ROMANIA MARE",
            "about" : "CANDIDAT PARTID POLITIC"
          },
          {
            "name": "PARTIDUL NOUA ROMANIE",
            "about" : "CANDIDAT PARTID POLITIC"
          },
          {
            "name": "PARTIDUL NAȚIONAL TARANESC MANIU-MIHALACHE",
            "about" : "CANDIDAT PARTID POLITIC"
          }
        ]
      },
      {
      "electionName": "European Parliamentary Elections 2024",
          "electionCountry" : "Romania",
          "start_date": "06-09-2024",
          "end_date" :"06-09-2024",
          "candidates": [
            {
              "name": "ALIANTA ELECTORALA PSD PNL",
              "about" : "CANDIDAT PARTID POLITIC"
            },
            {
              "name": "PARTIDUL S.O.S. ROMANIA",
              "about" : "CANDIDAT PARTID POLITIC"
            },
            {
              "name": "ALIANTA DREAPTA UNITA USR-PMP-FORȚA DREPTEI",
              "about" : "CANDIDAT PARTID POLITIC"
            },
            {
              "name": "ROMANIA SOCIALISTA",
              "about" : "CANDIDAT PARTID POLITIC"
            },
            {
              "name": "PARTIDUL ALTERNATIVA DREAPTA",
              "about" : "CANDIDAT PARTID POLITIC"
            },
            {
              "name": "PARTIDUL DIASPORA UNITA",
              "about" : "CANDIDAT PARTID POLITIC"
            },
            {
              "name": "PARTIDUL UMANIST SOCIAL LIBERAL",
              "about" : "CANDIDAT PARTID POLITIC"
            },
            {
              "name": "PARTIDUL REINNOIM PROIECTUL EUROPEAN AL ROMANIEI",
              "about" : "CANDIDAT PARTID POLITIC"
            },
            {
              "name": "PARTIDUL OAMENILOR LIBERI",
              "about" : "CANDIDAT PARTID POLITIC"
            },
            {
              "name": "UNIUNEA DEMOCRATA MAGHIARA DIN ROMÂNIA",
              "about" : "CANDIDAT PARTID POLITIC"
            },
            {
              "name": "PARTIDUL ROMANIA MARE",
              "about" : "CANDIDAT PARTID POLITIC"
            },
            {
              "name": "PARTIDUL NOUA ROMANIE",
              "about" : "CANDIDAT PARTID POLITIC"
            },
            {
              "name": "PARTIDUL NAȚIONAL TARANESC MANIU-MIHALACHE",
              "about" : "CANDIDAT PARTID POLITIC"
            },
            {
              "name": "JURMA PAUL-OCTAVIAN",
              "about" : "CANDIDAT INDEPENDENT"
            },
            {
              "name": "PIRVANESCU PAULA-MARINELA",
              "about" : "CANDIDAT INDEPENDENT"
            },
            {
              "name": "GHEORGHE VLAD-DAN",
              "about" : "CANDIDAT INDEPENDENT"
            },
            {
              "name": "MUSTATEA ILIE-CATALIN",
              "about" : "CANDIDAT INDEPENDENT"
            },
            {
              "name": "STEFANUTA NICOLAE-BOGDANEL",
              "about" : "CANDIDAT INDEPENDENT"
            },
            {
              "name": "MINDRU PETRU",
              "about" : "CANDIDAT INDEPENDENT"
            },
            {
              "name": "SOSOACA DUMITRU-SILVESTRU",
              "about" : "CANDIDAT INDEPENDENT"
            }
          ]
        },
          {
            "electionName": "Presidential Elections 2024",
            "electionCountry" : "Romania",
            "start_date": "09-15-2024",
            "end_date" :"09-15-2024",
            "candidates": [
              {
                "name": "Mircea Geoană",
                "about" : "CANDIDAT INDEPENDENT"
              },
              {
                "name": "Dan Barna",
                "about" : "CANDIDAT PARTID USR"
              },
              {
                "name": "Marcel Ciolacu",
                "about" : "CANDIDAT PARTIDUL PSD"
              },
              {
                "name": "Diana Iovanovici-Șoșoacă",
                "about" : "CANDIDAT PARTID SOS"
              },
              {
                "name": "Remus Cernea",
                "about" : "CANDIDAT INDEPENDENT"
              },
              {
                "name": "Andrei Marga",
                "about" : "CANDIDAT INDEPENDENT"
              },
              {
                "name": "Florin Călinescu",
                "about" : "CANDIDAT PARTIDUL DIASPORA UNITA"
              }
            ]
          },
          {
            "electionName": "Parliamentary Elections 2024",
            "electionCountry" : "Romania",
            "start_date": "12-08-2024",
            "end_date" :"12-08-2024", 
            "candidates": [
              {
                "name": "ALIANTA ELECTORALA PSD PNL",
                "about" : "CANDIDAT PARTID POLITIC"
              },
              {
                "name": "PARTIDUL S.O.S. ROMANIA",
                "about" : "CANDIDAT PARTID POLITIC"
              },
              {
                "name": "ALIANTA DREAPTA UNITA USR-PMP-FORȚA DREPTEI",
                "about" : "CANDIDAT PARTID POLITIC"
              },
              {
                "name": "ROMANIA SOCIALISTA",
                "about" : "CANDIDAT PARTID POLITIC"
              },
              {
                "name": "PARTIDUL ALTERNATIVA DREAPTA",
                "about" : "CANDIDAT PARTID POLITIC"
              },
              {
                "name": "PARTIDUL DIASPORA UNITA",
                "about" : "CANDIDAT PARTID POLITIC"
              },
              {
                "name": "PARTIDUL UMANIST SOCIAL LIBERAL",
                "about" : "CANDIDAT PARTID POLITIC"
              },
              {
                "name": "PARTIDUL REINNOIM PROIECTUL EUROPEAN AL ROMANIEI",
                "about" : "CANDIDAT PARTID POLITIC"
              },
              {
                "name": "PARTIDUL OAMENILOR LIBERI",
                "about" : "CANDIDAT PARTID POLITIC"
              },
              {
                "name": "UNIUNEA DEMOCRATA MAGHIARA DIN ROMÂNIA",
                "about" : "CANDIDAT PARTID POLITIC"
              },
              {
                "name": "PARTIDUL ROMANIA MARE",
                "about" : "CANDIDAT PARTID POLITIC"
              },
              {
                "name": "PARTIDUL NOUA ROMANIE",
                "about" : "CANDIDAT PARTID POLITIC"
              },
              {
                "name": "PARTIDUL NAȚIONAL TARANESC MANIU-MIHALACHE",
                "about" : "CANDIDAT PARTID POLITIC"
              }
            ]
          }
    ]
    
  }
  