{
    "person_wallet":[
        {
            "cnp" : "2870623225789",
            "address" : "0x93d66196B40362B73Acc38d4fEa055Fafff5E2bD",
            "private_key" : "5a022334d5c6812e044104fc687b64be8155cf24417e5a41e6dbebbf24cc05ae"
        },
        {
            "cnp" : "5000911222493",
            "address" : "0x6c861e635cD16c31624A7038308c97c78f97a28b",
            "private_key" : "894bb13441414de650c5a5027d7a4f28e6e9cfdc2f44247c30564ec5d58eded7"
        },
        {
            "cnp" : "2811101413563",
            "address" : "0xF64b9169D8c7F989514b058BB8D86F6f9c55F9B9",
            "private_key" : "122202e7e3d07132edd7e6ad79c337342a675c3456e04d3ef483a5acc7a3ac2a"
        },
        {
            "cnp" : "1800229413561",
            "address" : "0x7050095C9168a6d9207c6fbf9c1BC5b51551B144",
            "private_key" : "2aa2e1eba73ed379781f9f840224acea019a833ddfb9997b8fe8ac73decbbe98"
        },
        {
            "cnp" : "2820917423564",
            "address" : "0x6B1A6664db7E20c23bA99afA9aeD15fE3e2922Fa",
            "private_key" : "60ad795fa86923267fa3e062f5715f0dfabc9013e402eb6a2aa90696b0c4cf83"
        },
        {
            "cnp" : "1820421423560",
            "address" : "0xDd6E8a60A2d8F8AaC2aBfa9e1Bd6e7107bF94C09",
            "private_key" : "f3731fefa4cdd18207dfd607156d749aa3f81179994fd81d0b3a850e3d5cc254"
        }

    ]
}